<?xml version="1.0" encoding="UTF-8" standalone="yes"?>
<addon id="plugin.video.matrixflix"
version="0.1"
name="matrixflix"
provider-name="MatrixFlix, Rayflix,">
  	<requires>
		<import addon="script.module.requests" />
	</requires>
    <extension point="xbmc.python.pluginsource" library="default.py">
	<provides>video</provides>
    </extension>
	<extension point="xbmc.addon.metadata">
  	<summary lang="fr_FR">MatrixFlix!</summary>
  	<description lang="fr_FR">Packages de Skin! Streamer via Kodi. Necessite un compte premium Uptobox ou Alldebrid.</description>
  	<disclaimer lang="fr_FR">En cas de bugs, propositions d'améliorations ou ajout de contenus, contactez-nous sur GitHub ou sur Discord.</disclaimer>
        <language>fr</language> 
	<platform>all</platform>
        <forum></forum>
        <website></website>
        <source></source>  
    <news>  
	- Création initiale
    </news>		
  	<assets>
    	    <icon>icon.png</icon>
    	    <fanart>fanart.jpg</fanart>
    		<screenshot>resources/screenshot-01.jpg</screenshot>
		<screenshot>resources/screenshot-02.jpg</screenshot>
  	</assets>		
</extension>
</addon>
