<?xml version="1.0" encoding="UTF-8" standalone="yes"?>
<addon id="plugin.video.orange.fr" name="Orange TV France" version="1.5.0" provider-name="BreizhReloaded">
    <requires>
        <import addon="xbmc.python" version="3.0.0"/>
        <import addon="script.module.routing" version="0.2.3"/>
        <import addon="script.module.inputstreamhelper" version="0.5.2"/>
    </requires>
    <extension point="xbmc.python.pluginsource" library="resources/addon.py">
        <provides>video</provides>
    </extension>
    <extension point="xbmc.service" library="resources/service.py"/>
    <extension point="xbmc.addon.metadata">
        <summary lang="en">Watch TV channels provided by your Orange subscription from Kodi!</summary>
        <description lang="en">This addon brings to Kodi all the TV channels included in your Orange subscription. Easy install via IPTV Manager.</description>

        <summary lang="fr">Regardez les chaînes de télé incluses dans votre abonnement Orange depuis Kodi !</summary>
        <description lang="fr">Cet addon intègre à Kodi toutes les chaînes de télé incluses dans votre abonnement Orange. L'installation se fait facilement via IPTV Manager.</description>

        <platform>all</platform>
        <license>MIT</license>
        <forum>https://forum.kodi.tv/showthread.php?tid=360391</forum>
        <source>https://github.com/BreizhReloaded/plugin.video.orange.fr</source>
        <email>breizhreloaded@outlook.com</email>
        <assets>
            <icon>resources/media/icon.png</icon>
            <fanart>resources/media/fanart.jpg</fanart>
            <screenshot>resources/media/screenshot_1.jpg</screenshot>
            <screenshot>resources/media/screenshot_2.jpg</screenshot>
            <screenshot>resources/media/screenshot_3.jpg</screenshot>
        </assets>
    </extension>
</addon>
