<?xml version="1.0" encoding="UTF-8" standalone="yes"?>
<addon id="repository.benking" name="benking Alpha Repository" version="0.1" provider-name="benking">
    <extension point="xbmc.addon.repository" name="benking Alpha Repository">
        <dir>
            <info compressed="false">https://raw.githubusercontent.com/benking110181/repository.benking/master/repo/zips/addons.xml</info>
            <checksum>https://raw.githubusercontent.com/benking110181/repository.benking/master/repo/zips/addons.xml.md5</checksum>
            <datadir zip="true">https://raw.githubusercontent.com/benking110181/repository.benking/master/repo/zips/</datadir>
        </dir>
    </extension>
    <extension point="xbmc.addon.metadata">
        <summary lang="fr">benking Repository</summary>
        <description lang="fr">Installer benking Repo!</description>
        <summary>benking Alpha Repository</summary>
        <description>Un référentiel pour les versions alpha des skins de benking !</description>
        <disclaimer></disclaimer>
        <platform>all</platform>
        <assets>
      <icon>resources/icon.png</icon>
      <fanart>resources/fanart.jpg</fanart>
        </assets>
    </extension>
</addon>