<?xml version='1.0' encoding='utf-8'?>
<addons><addon id="benking110181.github.io" name="benking110181.github.io Alpha Repository" version="0.1" provider-name="benking110181.github.io">
    <extension point="xbmc.addon.repository" name="benking110181.github.io Alpha Repository">
        <dir>
            <info compressed="false">https://raw.githubusercontent.com/benking110181/benking110181.github.io/main/repo/zips/addons.xml</info>
            <checksum>https://raw.githubusercontent.com/benking110181/benking110181.github.io/main/repo/zips/addons.xml.md5</checksum>
            <datadir zip="true">https://raw.githubusercontent.com/benking110181/benking110181.github.io/main/repo/zips/</datadir>
        </dir>
    </extension>
    <extension point="xbmc.addon.metadata">
        <summary lang="fr">benking110181.github.io Repository</summary>
        <description lang="fr">Installer benking110181.github.io Alpha Repository !</description>
        <summary>benking110181.github.io Alpha Repository</summary>
        <description>Un référentiel pour le benking110181.github.io Alpha Repository !</description>
        <disclaimer />
        <platform>all</platform>
        <assets>
            <icon>icon.png</icon>
            <fanart>fanart.jpg</fanart>
        </assets>
    </extension>
</addon><addon id="repository.cokodico" name="cokodico Alpha Repository" version="0.1" provider-name="cokodico">
    <extension point="xbmc.addon.repository" name="cokodico Alpha Repository">
        <dir>
            <info compressed="false">https://raw.githubusercontent.com/benking110181/repository.cokodico/master/repo/zips/addons.xml</info>
            <checksum>https://raw.githubusercontent.com/benking110181/repository.cokodico/master/repo/zips/addons.xml.md5</checksum>
            <datadir zip="true">https://raw.githubusercontent.com/benking110181/repository.cokodico/master/repo/zips/</datadir>
        </dir>
    </extension>
    <extension point="xbmc.addon.metadata">
        <summary lang="fr">cokodico Repository</summary>
        <description lang="fr">Installer cokodico Repo!</description>
        <summary>cokodico Alpha Repository</summary>
        <description>Un référentiel pour les versions alpha des skins de cokodico !</description>
        <disclaimer />
        <platform>all</platform>
        <assets>
            <icon>icon.png</icon>
            <fanart>fanart.jpg</fanart>
        </assets>
    </extension>
</addon><addon id="repository.jurialmunkey" name="jurialmunkey Alpha Repository" version="2.2" provider-name="jurialmunkey">
    <extension point="xbmc.addon.repository" name="jurialmunkey Alpha Repository">
        <dir>
            <info compressed="false">https://raw.githubusercontent.com/jurialmunkey/repository.jurialmunkey/master/repo/zips/addons.xml</info>
            <checksum>https://raw.githubusercontent.com/jurialmunkey/repository.jurialmunkey/master/repo/zips/addons.xml.md5</checksum>
            <datadir zip="true">https://raw.githubusercontent.com/jurialmunkey/repository.jurialmunkey/master/repo/zips/</datadir>
        </dir>
		<dir minversion="18.0" maxversion="18.9.0">
            <info compressed="false">https://raw.githubusercontent.com/jurialmunkey/repository.jurialmunkey/master/leia/zips/addons.xml</info>
            <checksum>https://raw.githubusercontent.com/jurialmunkey/repository.jurialmunkey/master/leia/zips/addons.xml.md5</checksum>
            <datadir zip="true">https://raw.githubusercontent.com/jurialmunkey/repository.jurialmunkey/master/leia/zips/</datadir>
        </dir>
        <dir minversion="18.9.0">
            <info compressed="false">https://raw.githubusercontent.com/jurialmunkey/repository.jurialmunkey/master/matrix/zips/addons.xml</info>
            <checksum>https://raw.githubusercontent.com/jurialmunkey/repository.jurialmunkey/master/matrix/zips/addons.xml.md5</checksum>
            <datadir zip="true">https://raw.githubusercontent.com/jurialmunkey/repository.jurialmunkey/master/matrix/zips/</datadir>
        </dir>
    </extension>
    <extension point="xbmc.addon.metadata">
        <summary>jurialmunkey Alpha Repository</summary>
        <description>A repository for alpha releases of jurialmunkey's skins.</description>
        <disclaimer />
        <platform>all</platform>
        <assets>
            <icon>icon.png</icon>
        </assets>
    </extension>
</addon><addon id="repository.marcelveldt" version="1.0.3" name="Marcelveldt's BETA repository" provider-name="marcelveldt, finkleandeinhorn">
	<requires>
		<import addon="xbmc.addon" version="12.0.0" />
	</requires>
	<extension point="xbmc.addon.repository" name="Marcelveldt's BETA repository">
		<dir>
			<info compressed="false">https://raw.githubusercontent.com/kodi-community-addons/repository.marcelveldt/master/repository/addons.xml</info>
			<checksum>https://raw.githubusercontent.com/kodi-community-addons/repository.marcelveldt/master/repository/addons.xml.md5</checksum>
			<datadir zip="true">https://raw.githubusercontent.com/kodi-community-addons/repository.marcelveldt/master/repository/</datadir>
		</dir>
		<dir minversion="18.9.700">
			<info compressed="false">https://raw.githubusercontent.com/kodi-community-addons/repository.marcelveldt/master/matrix/addons.xml</info>
			<checksum>https://raw.githubusercontent.com/kodi-community-addons/repository.marcelveldt/master/matrix/addons.xml.md5</checksum>
			<datadir zip="true">https://raw.githubusercontent.com/kodi-community-addons/repository.marcelveldt/master/matrix/</datadir>
		</dir>
		<dir maxversion="18.9.0">
			<info compressed="false">https://raw.githubusercontent.com/kodi-community-addons/repository.marcelveldt/master/olderversions/addons.xml</info>
			<checksum>https://raw.githubusercontent.com/kodi-community-addons/repository.marcelveldt/master/olderversions/addons.xml.md5</checksum>
			<datadir zip="true">https://raw.githubusercontent.com/kodi-community-addons/repository.marcelveldt/master/olderversions/</datadir>
		</dir>
	</extension>
	<extension point="xbmc.addon.metadata">
		<summary lang="en">Kodi repository for beta/test versions of Marcelveldt's addons</summary>
		<description lang="en">Kodi repository for beta/test versions of Marcelveldt's addons, for stable versions please just use the official Kodi repository. This repo is for test/beta versions of my work only</description>
		<platform>all</platform>
		<assets>
			<icon>icon.png</icon>
			<fanart>fanart.jpg</fanart>
		</assets>
	</extension>
</addon><addon id="repository.uptoplay" name="repository.uptoplay" version="0.1" provider-name="benking110181">
    <extension point="xbmc.addon.repository" name="uptoplay Repository">
        <dir>
            <info compressed="false">https://raw.githubusercontent.com/benking110181/repository.uptoplay/master/repo/zips/addons.xml</info>
            <checksum>https://raw.githubusercontent.com/benking110181/repository.uptoplay/master/repo/zips/addons.xml.md5</checksum>
            <datadir zip="true">https://raw.githubusercontent.com/benking110181/repository.uptoplay/master/repo/zips/</datadir>
        </dir>
    </extension>
    <extension point="xbmc.addon.metadata">
        <summary>repository.uptoplay</summary>
        <description>DESCRIPTION OF repository.uptoplay</description>
        <disclaimer />
        <platform>all</platform>
        <assets>
            <icon>icon.png</icon>
            <fanart>fanart.jpg</fanart>
        </assets>
    </extension>
</addon><addon id="repository.vstream" name="vStream Repository" version="0.0.5" provider-name="Venom">
    <extension point="xbmc.addon.repository" name="vStream XBMC Addon Repository">
    <dir>
        <info compressed="false">https://raw.githubusercontent.com/Kodi-vStream/venom-xbmc-addons/master/addons.xml</info>
        <checksum>https://raw.githubusercontent.com/Kodi-vStream/venom-xbmc-addons/master/addons.xml.md5</checksum>
        <datadir zip="true">https://github.com/Kodi-vStream/venom-xbmc-addons/raw/master/repo</datadir>
    </dir>
    <dir>
        <info compressed="false">https://raw.githubusercontent.com/Ovni-crea/seleniumzip/master/addons.xml</info>
        <checksum>https://raw.githubusercontent.com/Ovni-crea/seleniumzip/master/addons.xml.md5</checksum>
        <datadir zip="true">https://raw.githubusercontent.com/Ovni-crea/seleniumzip/master</datadir>
    </dir>
    <dir>
        <info compressed="false">https://raw.githubusercontent.com/Arias800/Fichier-divers/master/addon.xml</info>
        <checksum>https://raw.githubusercontent.com/Arias800/Fichier-divers/master/addons.xml.md5</checksum>
        <datadir zip="true">https://raw.githubusercontent.com/Arias800/script.module.dnspython/master</datadir>
    </dir>
   </extension>

    <extension point="xbmc.addon.metadata">
        <summary lang="fr">vStream Repository</summary>
        <description lang="fr">Installer vStream</description>
        <summary lang="en">vStream Repository</summary>
        <description lang="en">Download and install vStream</description>
        <platform>all</platform>
    </extension>
</addon></addons>