<?xml version="1.0" encoding="UTF-8" standalone="yes"?>
<addon id="repository.benking" name="Benking Alpha Repository" version="0.1" provider-name="benking">
    <extension point="xbmc.addon.repository" name="Benking Alpha Repository">
        <dir>
            <info compressed="false">https://raw.githubusercontent.com/benking110181/repository.benking/master/repo/zips/addons.xml</info>
            <checksum>https://raw.githubusercontent.com/benking110181/repository.benking/master/repo/zips/addons.xml.md5</checksum>
            <datadir zip="true">https://raw.githubusercontent.com/benking110181/repository.benking/master/repo/zips/</datadir>
        </dir>
		<dir minversion="18.0" maxversion="18.9.0">
            <info compressed="false">https://raw.githubusercontent.com/benking110181/repository.benking/master/leia/zips/addons.xml</info>
            <checksum>https://raw.githubusercontent.com/benking110181/repository.benking/master/leia/zips/addons.xml.md5</checksum>
            <datadir zip="true">https://raw.githubusercontent.com/benking110181/repository.benking/master/leia/zips/</datadir>
        </dir>
        	<dir minversion="18.9.0">
            <info compressed="false">https://raw.githubusercontent.com/benking110181/repository.benking/master/matrix/zips/addons.xml</info>
            <checksum>https://raw.githubusercontent.com/benking110181/repository.benking/master/matrix/zips/addons.xml.md5</checksum>
            <datadir zip="true">https://raw.githubusercontent.com/benking110181/repository.benking/master/matrix/zips/</datadir>
        </dir>
    </extension>
    <extension point="xbmc.addon.metadata">
        <summary>Benking Alpha Repository</summary>
        <description>Un référentiel pour le  Benking Alpha Repository !</description>
	<disclaimer></disclaimer>
        <platform>all</platform>
        <assets>
            <icon>icon.png</icon>
        </assets>
    </extension>
</addon>